"route","html-bytes","static-output","1440×900","1280×800","1024×768","768×1024","480×900","390×844","360×800"
"/","25211","PASS","PASS-CSS","PASS-CSS","PASS-CSS","PASS-CSS","PASS-CSS","PASS-CSS","PASS-CSS"
"/accessibility","15976","PASS","PASS-CSS","PASS-CSS","PASS-CSS","PASS-CSS","PASS-CSS","PASS-CSS","PASS-CSS"
"/app/account","7981","PASS","PASS-CSS","PASS-CSS","PASS-CSS","PASS-CSS","PASS-CSS","PASS-CSS","PASS-CSS"
"/app/account/security","8008","PASS","PASS-CSS","PASS-CSS","PASS-CSS","PASS-CSS","PASS-CSS","PASS-CSS","PASS-CSS"
"/app/account/sessions","8028","PASS","PASS-CSS","PASS-CSS","PASS-CSS","PASS-CSS","PASS-CSS","PASS-CSS","PASS-CSS"
"/app/calendar","7995","PASS","PASS-CSS","PASS-CSS","PASS-CSS","PASS-CSS","PASS-CSS","PASS-CSS","PASS-CSS"
"/app/documents","7961","PASS","PASS-CSS","PASS-CSS","PASS-CSS","PASS-CSS","PASS-CSS","PASS-CSS","PASS-CSS"
"/app/help","8008","PASS","PASS-CSS","PASS-CSS","PASS-CSS","PASS-CSS","PASS-CSS","PASS-CSS","PASS-CSS"
"/app/messages","8037","PASS","PASS-CSS","PASS-CSS","PASS-CSS","PASS-CSS","PASS-CSS","PASS-CSS","PASS-CSS"
"/app/messages/THR-204","8030","PASS","PASS-CSS","PASS-CSS","PASS-CSS","PASS-CSS","PASS-CSS","PASS-CSS","PASS-CSS"
"/app/notifications","7999","PASS","PASS-CSS","PASS-CSS","PASS-CSS","PASS-CSS","PASS-CSS","PASS-CSS","PASS-CSS"
"/app/ops/dashboard","8002","PASS","PASS-CSS","PASS-CSS","PASS-CSS","PASS-CSS","PASS-CSS","PASS-CSS","PASS-CSS"
"/app/ops/disputes","7963","PASS","PASS-CSS","PASS-CSS","PASS-CSS","PASS-CSS","PASS-CSS","PASS-CSS","PASS-CSS"
"/app/ops/disputes/DSP-204","8089","PASS","PASS-CSS","PASS-CSS","PASS-CSS","PASS-CSS","PASS-CSS","PASS-CSS","PASS-CSS"
"/app/ops/payments","7964","PASS","PASS-CSS","PASS-CSS","PASS-CSS","PASS-CSS","PASS-CSS","PASS-CSS","PASS-CSS"
"/app/ops/publication","8067","PASS","PASS-CSS","PASS-CSS","PASS-CSS","PASS-CSS","PASS-CSS","PASS-CSS","PASS-CSS"
"/app/ops/publication/CH-1405-021","8123","PASS","PASS-CSS","PASS-CSS","PASS-CSS","PASS-CSS","PASS-CSS","PASS-CSS","PASS-CSS"
"/app/ops/publication/CH-1405-034","8230","PASS","PASS-CSS","PASS-CSS","PASS-CSS","PASS-CSS","PASS-CSS","PASS-CSS","PASS-CSS"
"/app/ops/publication/CH-1405-041","8230","PASS","PASS-CSS","PASS-CSS","PASS-CSS","PASS-CSS","PASS-CSS","PASS-CSS","PASS-CSS"
"/app/ops/publication/CH-1405-052","8230","PASS","PASS-CSS","PASS-CSS","PASS-CSS","PASS-CSS","PASS-CSS","PASS-CSS","PASS-CSS"
"/app/ops/publication/CH-DRAFT-001","8238","PASS","PASS-CSS","PASS-CSS","PASS-CSS","PASS-CSS","PASS-CSS","PASS-CSS","PASS-CSS"
"/app/ops/publication/CH-DRAFT-002","8238","PASS","PASS-CSS","PASS-CSS","PASS-CSS","PASS-CSS","PASS-CSS","PASS-CSS","PASS-CSS"
"/app/ops/publication/CH-DRAFT-003","8238","PASS","PASS-CSS","PASS-CSS","PASS-CSS","PASS-CSS","PASS-CSS","PASS-CSS","PASS-CSS"
"/app/ops/publication/CH-DRAFT-004","8238","PASS","PASS-CSS","PASS-CSS","PASS-CSS","PASS-CSS","PASS-CSS","PASS-CSS","PASS-CSS"
"/app/ops/publication/CH-DRAFT-005","8238","PASS","PASS-CSS","PASS-CSS","PASS-CSS","PASS-CSS","PASS-CSS","PASS-CSS","PASS-CSS"
"/app/ops/publication/CH-DRAFT-006","8238","PASS","PASS-CSS","PASS-CSS","PASS-CSS","PASS-CSS","PASS-CSS","PASS-CSS","PASS-CSS"
"/app/ops/publication/CH-DRAFT-007","8238","PASS","PASS-CSS","PASS-CSS","PASS-CSS","PASS-CSS","PASS-CSS","PASS-CSS","PASS-CSS"
"/app/ops/publication/CH-DRAFT-008","8238","PASS","PASS-CSS","PASS-CSS","PASS-CSS","PASS-CSS","PASS-CSS","PASS-CSS","PASS-CSS"
"/app/ops/queue","8070","PASS","PASS-CSS","PASS-CSS","PASS-CSS","PASS-CSS","PASS-CSS","PASS-CSS","PASS-CSS"
"/app/ops/reviews","7953","PASS","PASS-CSS","PASS-CSS","PASS-CSS","PASS-CSS","PASS-CSS","PASS-CSS","PASS-CSS"
"/app/ops/settings","8044","PASS","PASS-CSS","PASS-CSS","PASS-CSS","PASS-CSS","PASS-CSS","PASS-CSS","PASS-CSS"
"/app/ops/verification","8022","PASS","PASS-CSS","PASS-CSS","PASS-CSS","PASS-CSS","PASS-CSS","PASS-CSS","PASS-CSS"
"/app/ops/verification/KYB-882","8120","PASS","PASS-CSS","PASS-CSS","PASS-CSS","PASS-CSS","PASS-CSS","PASS-CSS","PASS-CSS"
"/app/ops/violations","8055","PASS","PASS-CSS","PASS-CSS","PASS-CSS","PASS-CSS","PASS-CSS","PASS-CSS","PASS-CSS"
"/app/org/access","7975","PASS","PASS-CSS","PASS-CSS","PASS-CSS","PASS-CSS","PASS-CSS","PASS-CSS","PASS-CSS"
"/app/org/challenges","16790","PASS","PASS-CSS","PASS-CSS","PASS-CSS","PASS-CSS","PASS-CSS","PASS-CSS","PASS-CSS"
"/app/org/challenges/CH-1405-021","14979","PASS","PASS-CSS","PASS-CSS","PASS-CSS","PASS-CSS","PASS-CSS","PASS-CSS","PASS-CSS"
"/app/org/challenges/CH-1405-021/contract","8181","PASS","PASS-CSS","PASS-CSS","PASS-CSS","PASS-CSS","PASS-CSS","PASS-CSS","PASS-CSS"
"/app/org/challenges/CH-1405-021/conversations","8156","PASS","PASS-CSS","PASS-CSS","PASS-CSS","PASS-CSS","PASS-CSS","PASS-CSS","PASS-CSS"
"/app/org/challenges/CH-1405-021/decision","8210","PASS","PASS-CSS","PASS-CSS","PASS-CSS","PASS-CSS","PASS-CSS","PASS-CSS","PASS-CSS"
"/app/org/challenges/CH-1405-021/deliverables","8240","PASS","PASS-CSS","PASS-CSS","PASS-CSS","PASS-CSS","PASS-CSS","PASS-CSS","PASS-CSS"
"/app/org/challenges/CH-1405-021/documents","8144","PASS","PASS-CSS","PASS-CSS","PASS-CSS","PASS-CSS","PASS-CSS","PASS-CSS","PASS-CSS"
"/app/org/challenges/CH-1405-021/edit","15067","PASS","PASS-CSS","PASS-CSS","PASS-CSS","PASS-CSS","PASS-CSS","PASS-CSS","PASS-CSS"
"/app/org/challenges/CH-1405-021/experts","8137","PASS","PASS-CSS","PASS-CSS","PASS-CSS","PASS-CSS","PASS-CSS","PASS-CSS","PASS-CSS"
"/app/org/challenges/CH-1405-021/finance","8199","PASS","PASS-CSS","PASS-CSS","PASS-CSS","PASS-CSS","PASS-CSS","PASS-CSS","PASS-CSS"
"/app/org/challenges/CH-1405-021/history","8088","PASS","PASS-CSS","PASS-CSS","PASS-CSS","PASS-CSS","PASS-CSS","PASS-CSS","PASS-CSS"
"/app/org/challenges/CH-1405-021/impact","8072","PASS","PASS-CSS","PASS-CSS","PASS-CSS","PASS-CSS","PASS-CSS","PASS-CSS","PASS-CSS"
"/app/org/challenges/CH-1405-021/overview","15019","PASS","PASS-CSS","PASS-CSS","PASS-CSS","PASS-CSS","PASS-CSS","PASS-CSS","PASS-CSS"
"/app/org/challenges/CH-1405-021/pilot","8036","PASS","PASS-CSS","PASS-CSS","PASS-CSS","PASS-CSS","PASS-CSS","PASS-CSS","PASS-CSS"
"/app/org/challenges/CH-1405-021/preview","15076","PASS","PASS-CSS","PASS-CSS","PASS-CSS","PASS-CSS","PASS-CSS","PASS-CSS","PASS-CSS"
"/app/org/challenges/CH-1405-021/proposals","8161","PASS","PASS-CSS","PASS-CSS","PASS-CSS","PASS-CSS","PASS-CSS","PASS-CSS","PASS-CSS"
"/app/org/challenges/CH-1405-021/proposals/compare","8248","PASS","PASS-CSS","PASS-CSS","PASS-CSS","PASS-CSS","PASS-CSS","PASS-CSS","PASS-CSS"
"/app/org/challenges/CH-1405-021/review","8144","PASS","PASS-CSS","PASS-CSS","PASS-CSS","PASS-CSS","PASS-CSS","PASS-CSS","PASS-CSS"
"/app/org/challenges/CH-1405-021/studio","15075","PASS","PASS-CSS","PASS-CSS","PASS-CSS","PASS-CSS","PASS-CSS","PASS-CSS","PASS-CSS"
"/app/org/challenges/CH-1405-021/submitted","15040","PASS","PASS-CSS","PASS-CSS","PASS-CSS","PASS-CSS","PASS-CSS","PASS-CSS","PASS-CSS"
"/app/org/challenges/CH-1405-021/timeline","8119","PASS","PASS-CSS","PASS-CSS","PASS-CSS","PASS-CSS","PASS-CSS","PASS-CSS","PASS-CSS"
"/app/org/challenges/CH-1405-034","14979","PASS","PASS-CSS","PASS-CSS","PASS-CSS","PASS-CSS","PASS-CSS","PASS-CSS","PASS-CSS"
"/app/org/challenges/CH-1405-034/edit","15067","PASS","PASS-CSS","PASS-CSS","PASS-CSS","PASS-CSS","PASS-CSS","PASS-CSS","PASS-CSS"
"/app/org/challenges/CH-1405-034/overview","15019","PASS","PASS-CSS","PASS-CSS","PASS-CSS","PASS-CSS","PASS-CSS","PASS-CSS","PASS-CSS"
"/app/org/challenges/CH-1405-034/preview","15076","PASS","PASS-CSS","PASS-CSS","PASS-CSS","PASS-CSS","PASS-CSS","PASS-CSS","PASS-CSS"
"/app/org/challenges/CH-1405-034/studio","15075","PASS","PASS-CSS","PASS-CSS","PASS-CSS","PASS-CSS","PASS-CSS","PASS-CSS","PASS-CSS"
"/app/org/challenges/CH-1405-034/submitted","15040","PASS","PASS-CSS","PASS-CSS","PASS-CSS","PASS-CSS","PASS-CSS","PASS-CSS","PASS-CSS"
"/app/org/challenges/CH-1405-041","14979","PASS","PASS-CSS","PASS-CSS","PASS-CSS","PASS-CSS","PASS-CSS","PASS-CSS","PASS-CSS"
"/app/org/challenges/CH-1405-041/edit","15067","PASS","PASS-CSS","PASS-CSS","PASS-CSS","PASS-CSS","PASS-CSS","PASS-CSS","PASS-CSS"
"/app/org/challenges/CH-1405-041/overview","15019","PASS","PASS-CSS","PASS-CSS","PASS-CSS","PASS-CSS","PASS-CSS","PASS-CSS","PASS-CSS"
"/app/org/challenges/CH-1405-041/preview","15076","PASS","PASS-CSS","PASS-CSS","PASS-CSS","PASS-CSS","PASS-CSS","PASS-CSS","PASS-CSS"
"/app/org/challenges/CH-1405-041/studio","15075","PASS","PASS-CSS","PASS-CSS","PASS-CSS","PASS-CSS","PASS-CSS","PASS-CSS","PASS-CSS"
"/app/org/challenges/CH-1405-041/submitted","15040","PASS","PASS-CSS","PASS-CSS","PASS-CSS","PASS-CSS","PASS-CSS","PASS-CSS","PASS-CSS"
"/app/org/challenges/CH-1405-052","14979","PASS","PASS-CSS","PASS-CSS","PASS-CSS","PASS-CSS","PASS-CSS","PASS-CSS","PASS-CSS"
"/app/org/challenges/CH-1405-052/edit","15067","PASS","PASS-CSS","PASS-CSS","PASS-CSS","PASS-CSS","PASS-CSS","PASS-CSS","PASS-CSS"
"/app/org/challenges/CH-1405-052/overview","15019","PASS","PASS-CSS","PASS-CSS","PASS-CSS","PASS-CSS","PASS-CSS","PASS-CSS","PASS-CSS"
"/app/org/challenges/CH-1405-052/preview","15076","PASS","PASS-CSS","PASS-CSS","PASS-CSS","PASS-CSS","PASS-CSS","PASS-CSS","PASS-CSS"
"/app/org/challenges/CH-1405-052/studio","15075","PASS","PASS-CSS","PASS-CSS","PASS-CSS","PASS-CSS","PASS-CSS","PASS-CSS","PASS-CSS"
"/app/org/challenges/CH-1405-052/submitted","15040","PASS","PASS-CSS","PASS-CSS","PASS-CSS","PASS-CSS","PASS-CSS","PASS-CSS","PASS-CSS"
"/app/org/challenges/CH-DRAFT-001","14984","PASS","PASS-CSS","PASS-CSS","PASS-CSS","PASS-CSS","PASS-CSS","PASS-CSS","PASS-CSS"
"/app/org/challenges/CH-DRAFT-001/edit","15072","PASS","PASS-CSS","PASS-CSS","PASS-CSS","PASS-CSS","PASS-CSS","PASS-CSS","PASS-CSS"
"/app/org/challenges/CH-DRAFT-001/overview","15024","PASS","PASS-CSS","PASS-CSS","PASS-CSS","PASS-CSS","PASS-CSS","PASS-CSS","PASS-CSS"
"/app/org/challenges/CH-DRAFT-001/preview","15081","PASS","PASS-CSS","PASS-CSS","PASS-CSS","PASS-CSS","PASS-CSS","PASS-CSS","PASS-CSS"
"/app/org/challenges/CH-DRAFT-001/studio","15080","PASS","PASS-CSS","PASS-CSS","PASS-CSS","PASS-CSS","PASS-CSS","PASS-CSS","PASS-CSS"
"/app/org/challenges/CH-DRAFT-001/submitted","15045","PASS","PASS-CSS","PASS-CSS","PASS-CSS","PASS-CSS","PASS-CSS","PASS-CSS","PASS-CSS"
"/app/org/challenges/CH-DRAFT-002","14984","PASS","PASS-CSS","PASS-CSS","PASS-CSS","PASS-CSS","PASS-CSS","PASS-CSS","PASS-CSS"
"/app/org/challenges/CH-DRAFT-002/edit","15072","PASS","PASS-CSS","PASS-CSS","PASS-CSS","PASS-CSS","PASS-CSS","PASS-CSS","PASS-CSS"
"/app/org/challenges/CH-DRAFT-002/overview","15024","PASS","PASS-CSS","PASS-CSS","PASS-CSS","PASS-CSS","PASS-CSS","PASS-CSS","PASS-CSS"
"/app/org/challenges/CH-DRAFT-002/preview","15081","PASS","PASS-CSS","PASS-CSS","PASS-CSS","PASS-CSS","PASS-CSS","PASS-CSS","PASS-CSS"
"/app/org/challenges/CH-DRAFT-002/studio","15080","PASS","PASS-CSS","PASS-CSS","PASS-CSS","PASS-CSS","PASS-CSS","PASS-CSS","PASS-CSS"
"/app/org/challenges/CH-DRAFT-002/submitted","15045","PASS","PASS-CSS","PASS-CSS","PASS-CSS","PASS-CSS","PASS-CSS","PASS-CSS","PASS-CSS"
"/app/org/challenges/CH-DRAFT-003","14984","PASS","PASS-CSS","PASS-CSS","PASS-CSS","PASS-CSS","PASS-CSS","PASS-CSS","PASS-CSS"
"/app/org/challenges/CH-DRAFT-003/edit","15072","PASS","PASS-CSS","PASS-CSS","PASS-CSS","PASS-CSS","PASS-CSS","PASS-CSS","PASS-CSS"
"/app/org/challenges/CH-DRAFT-003/overview","15024","PASS","PASS-CSS","PASS-CSS","PASS-CSS","PASS-CSS","PASS-CSS","PASS-CSS","PASS-CSS"
"/app/org/challenges/CH-DRAFT-003/preview","15081","PASS","PASS-CSS","PASS-CSS","PASS-CSS","PASS-CSS","PASS-CSS","PASS-CSS","PASS-CSS"
"/app/org/challenges/CH-DRAFT-003/studio","15080","PASS","PASS-CSS","PASS-CSS","PASS-CSS","PASS-CSS","PASS-CSS","PASS-CSS","PASS-CSS"
"/app/org/challenges/CH-DRAFT-003/submitted","15045","PASS","PASS-CSS","PASS-CSS","PASS-CSS","PASS-CSS","PASS-CSS","PASS-CSS","PASS-CSS"
"/app/org/challenges/CH-DRAFT-004","14984","PASS","PASS-CSS","PASS-CSS","PASS-CSS","PASS-CSS","PASS-CSS","PASS-CSS","PASS-CSS"
"/app/org/challenges/CH-DRAFT-004/edit","15072","PASS","PASS-CSS","PASS-CSS","PASS-CSS","PASS-CSS","PASS-CSS","PASS-CSS","PASS-CSS"
"/app/org/challenges/CH-DRAFT-004/overview","15024","PASS","PASS-CSS","PASS-CSS","PASS-CSS","PASS-CSS","PASS-CSS","PASS-CSS","PASS-CSS"
"/app/org/challenges/CH-DRAFT-004/preview","15081","PASS","PASS-CSS","PASS-CSS","PASS-CSS","PASS-CSS","PASS-CSS","PASS-CSS","PASS-CSS"
"/app/org/challenges/CH-DRAFT-004/studio","15080","PASS","PASS-CSS","PASS-CSS","PASS-CSS","PASS-CSS","PASS-CSS","PASS-CSS","PASS-CSS"
"/app/org/challenges/CH-DRAFT-004/submitted","15045","PASS","PASS-CSS","PASS-CSS","PASS-CSS","PASS-CSS","PASS-CSS","PASS-CSS","PASS-CSS"
"/app/org/challenges/CH-DRAFT-005","14984","PASS","PASS-CSS","PASS-CSS","PASS-CSS","PASS-CSS","PASS-CSS","PASS-CSS","PASS-CSS"
"/app/org/challenges/CH-DRAFT-005/edit","15072","PASS","PASS-CSS","PASS-CSS","PASS-CSS","PASS-CSS","PASS-CSS","PASS-CSS","PASS-CSS"
"/app/org/challenges/CH-DRAFT-005/overview","15024","PASS","PASS-CSS","PASS-CSS","PASS-CSS","PASS-CSS","PASS-CSS","PASS-CSS","PASS-CSS"
"/app/org/challenges/CH-DRAFT-005/preview","15081","PASS","PASS-CSS","PASS-CSS","PASS-CSS","PASS-CSS","PASS-CSS","PASS-CSS","PASS-CSS"
"/app/org/challenges/CH-DRAFT-005/studio","15080","PASS","PASS-CSS","PASS-CSS","PASS-CSS","PASS-CSS","PASS-CSS","PASS-CSS","PASS-CSS"
"/app/org/challenges/CH-DRAFT-005/submitted","15045","PASS","PASS-CSS","PASS-CSS","PASS-CSS","PASS-CSS","PASS-CSS","PASS-CSS","PASS-CSS"
"/app/org/challenges/CH-DRAFT-006","14984","PASS","PASS-CSS","PASS-CSS","PASS-CSS","PASS-CSS","PASS-CSS","PASS-CSS","PASS-CSS"
"/app/org/challenges/CH-DRAFT-006/edit","15072","PASS","PASS-CSS","PASS-CSS","PASS-CSS","PASS-CSS","PASS-CSS","PASS-CSS","PASS-CSS"
"/app/org/challenges/CH-DRAFT-006/overview","15024","PASS","PASS-CSS","PASS-CSS","PASS-CSS","PASS-CSS","PASS-CSS","PASS-CSS","PASS-CSS"
"/app/org/challenges/CH-DRAFT-006/preview","15081","PASS","PASS-CSS","PASS-CSS","PASS-CSS","PASS-CSS","PASS-CSS","PASS-CSS","PASS-CSS"
"/app/org/challenges/CH-DRAFT-006/studio","15080","PASS","PASS-CSS","PASS-CSS","PASS-CSS","PASS-CSS","PASS-CSS","PASS-CSS","PASS-CSS"
"/app/org/challenges/CH-DRAFT-006/submitted","15045","PASS","PASS-CSS","PASS-CSS","PASS-CSS","PASS-CSS","PASS-CSS","PASS-CSS","PASS-CSS"
"/app/org/challenges/CH-DRAFT-007","14984","PASS","PASS-CSS","PASS-CSS","PASS-CSS","PASS-CSS","PASS-CSS","PASS-CSS","PASS-CSS"
"/app/org/challenges/CH-DRAFT-007/edit","15072","PASS","PASS-CSS","PASS-CSS","PASS-CSS","PASS-CSS","PASS-CSS","PASS-CSS","PASS-CSS"
"/app/org/challenges/CH-DRAFT-007/overview","15024","PASS","PASS-CSS","PASS-CSS","PASS-CSS","PASS-CSS","PASS-CSS","PASS-CSS","PASS-CSS"
"/app/org/challenges/CH-DRAFT-007/preview","15081","PASS","PASS-CSS","PASS-CSS","PASS-CSS","PASS-CSS","PASS-CSS","PASS-CSS","PASS-CSS"
"/app/org/challenges/CH-DRAFT-007/studio","15080","PASS","PASS-CSS","PASS-CSS","PASS-CSS","PASS-CSS","PASS-CSS","PASS-CSS","PASS-CSS"
"/app/org/challenges/CH-DRAFT-007/submitted","15045","PASS","PASS-CSS","PASS-CSS","PASS-CSS","PASS-CSS","PASS-CSS","PASS-CSS","PASS-CSS"
"/app/org/challenges/CH-DRAFT-008","14984","PASS","PASS-CSS","PASS-CSS","PASS-CSS","PASS-CSS","PASS-CSS","PASS-CSS","PASS-CSS"
"/app/org/challenges/CH-DRAFT-008/edit","15072","PASS","PASS-CSS","PASS-CSS","PASS-CSS","PASS-CSS","PASS-CSS","PASS-CSS","PASS-CSS"
"/app/org/challenges/CH-DRAFT-008/overview","15024","PASS","PASS-CSS","PASS-CSS","PASS-CSS","PASS-CSS","PASS-CSS","PASS-CSS","PASS-CSS"
"/app/org/challenges/CH-DRAFT-008/preview","15081","PASS","PASS-CSS","PASS-CSS","PASS-CSS","PASS-CSS","PASS-CSS","PASS-CSS","PASS-CSS"
"/app/org/challenges/CH-DRAFT-008/studio","15080","PASS","PASS-CSS","PASS-CSS","PASS-CSS","PASS-CSS","PASS-CSS","PASS-CSS","PASS-CSS"
"/app/org/challenges/CH-DRAFT-008/submitted","15045","PASS","PASS-CSS","PASS-CSS","PASS-CSS","PASS-CSS","PASS-CSS","PASS-CSS","PASS-CSS"
"/app/org/challenges/new","19533","PASS","PASS-CSS","PASS-CSS","PASS-CSS","PASS-CSS","PASS-CSS","PASS-CSS","PASS-CSS"
"/app/org/challenges/triage","8340","PASS","PASS-CSS","PASS-CSS","PASS-CSS","PASS-CSS","PASS-CSS","PASS-CSS","PASS-CSS"
"/app/org/contracts-payments","8106","PASS","PASS-CSS","PASS-CSS","PASS-CSS","PASS-CSS","PASS-CSS","PASS-CSS","PASS-CSS"
"/app/org/dashboard","8147","PASS","PASS-CSS","PASS-CSS","PASS-CSS","PASS-CSS","PASS-CSS","PASS-CSS","PASS-CSS"
"/app/org/experts","8019","PASS","PASS-CSS","PASS-CSS","PASS-CSS","PASS-CSS","PASS-CSS","PASS-CSS","PASS-CSS"
"/app/org/invitations","8005","PASS","PASS-CSS","PASS-CSS","PASS-CSS","PASS-CSS","PASS-CSS","PASS-CSS","PASS-CSS"
"/app/org/notifications","8187","PASS","PASS-CSS","PASS-CSS","PASS-CSS","PASS-CSS","PASS-CSS","PASS-CSS","PASS-CSS"
"/app/org/pilots","8048","PASS","PASS-CSS","PASS-CSS","PASS-CSS","PASS-CSS","PASS-CSS","PASS-CSS","PASS-CSS"
"/app/org/profile","8129","PASS","PASS-CSS","PASS-CSS","PASS-CSS","PASS-CSS","PASS-CSS","PASS-CSS","PASS-CSS"
"/app/org/proposals","8086","PASS","PASS-CSS","PASS-CSS","PASS-CSS","PASS-CSS","PASS-CSS","PASS-CSS","PASS-CSS"
"/app/org/reports","8085","PASS","PASS-CSS","PASS-CSS","PASS-CSS","PASS-CSS","PASS-CSS","PASS-CSS","PASS-CSS"
"/app/org/settings","8065","PASS","PASS-CSS","PASS-CSS","PASS-CSS","PASS-CSS","PASS-CSS","PASS-CSS","PASS-CSS"
"/app/org/team","7982","PASS","PASS-CSS","PASS-CSS","PASS-CSS","PASS-CSS","PASS-CSS","PASS-CSS","PASS-CSS"
"/app/reviewer/assignments","8096","PASS","PASS-CSS","PASS-CSS","PASS-CSS","PASS-CSS","PASS-CSS","PASS-CSS","PASS-CSS"
"/app/reviewer/assignments/RV-172","8110","PASS","PASS-CSS","PASS-CSS","PASS-CSS","PASS-CSS","PASS-CSS","PASS-CSS","PASS-CSS"
"/app/reviewer/assignments/RV-172/compare","8298","PASS","PASS-CSS","PASS-CSS","PASS-CSS","PASS-CSS","PASS-CSS","PASS-CSS","PASS-CSS"
"/app/reviewer/assignments/RV-172/conflict","8238","PASS","PASS-CSS","PASS-CSS","PASS-CSS","PASS-CSS","PASS-CSS","PASS-CSS","PASS-CSS"
"/app/reviewer/assignments/RV-172/materials","8182","PASS","PASS-CSS","PASS-CSS","PASS-CSS","PASS-CSS","PASS-CSS","PASS-CSS","PASS-CSS"
"/app/reviewer/assignments/RV-172/score","8154","PASS","PASS-CSS","PASS-CSS","PASS-CSS","PASS-CSS","PASS-CSS","PASS-CSS","PASS-CSS"
"/app/reviewer/assignments/RV-172/submit","8146","PASS","PASS-CSS","PASS-CSS","PASS-CSS","PASS-CSS","PASS-CSS","PASS-CSS","PASS-CSS"
"/app/reviewer/assignments/RV-188","8110","PASS","PASS-CSS","PASS-CSS","PASS-CSS","PASS-CSS","PASS-CSS","PASS-CSS","PASS-CSS"
"/app/reviewer/assignments/RV-188/compare","8298","PASS","PASS-CSS","PASS-CSS","PASS-CSS","PASS-CSS","PASS-CSS","PASS-CSS","PASS-CSS"
"/app/reviewer/assignments/RV-188/conflict","8238","PASS","PASS-CSS","PASS-CSS","PASS-CSS","PASS-CSS","PASS-CSS","PASS-CSS","PASS-CSS"
"/app/reviewer/assignments/RV-188/materials","8182","PASS","PASS-CSS","PASS-CSS","PASS-CSS","PASS-CSS","PASS-CSS","PASS-CSS","PASS-CSS"
"/app/reviewer/assignments/RV-188/score","8154","PASS","PASS-CSS","PASS-CSS","PASS-CSS","PASS-CSS","PASS-CSS","PASS-CSS","PASS-CSS"
"/app/reviewer/assignments/RV-188/submit","8146","PASS","PASS-CSS","PASS-CSS","PASS-CSS","PASS-CSS","PASS-CSS","PASS-CSS","PASS-CSS"
"/app/reviewer/assignments/RV-204","8110","PASS","PASS-CSS","PASS-CSS","PASS-CSS","PASS-CSS","PASS-CSS","PASS-CSS","PASS-CSS"
"/app/reviewer/assignments/RV-204/compare","8289","PASS","PASS-CSS","PASS-CSS","PASS-CSS","PASS-CSS","PASS-CSS","PASS-CSS","PASS-CSS"
"/app/reviewer/assignments/RV-204/conflict","8178","PASS","PASS-CSS","PASS-CSS","PASS-CSS","PASS-CSS","PASS-CSS","PASS-CSS","PASS-CSS"
"/app/reviewer/assignments/RV-204/materials","8128","PASS","PASS-CSS","PASS-CSS","PASS-CSS","PASS-CSS","PASS-CSS","PASS-CSS","PASS-CSS"
"/app/reviewer/assignments/RV-204/score","8145","PASS","PASS-CSS","PASS-CSS","PASS-CSS","PASS-CSS","PASS-CSS","PASS-CSS","PASS-CSS"
"/app/reviewer/assignments/RV-204/submit","8092","PASS","PASS-CSS","PASS-CSS","PASS-CSS","PASS-CSS","PASS-CSS","PASS-CSS","PASS-CSS"
"/app/search","8055","PASS","PASS-CSS","PASS-CSS","PASS-CSS","PASS-CSS","PASS-CSS","PASS-CSS","PASS-CSS"
"/app/solver/cases","8287","PASS","PASS-CSS","PASS-CSS","PASS-CSS","PASS-CSS","PASS-CSS","PASS-CSS","PASS-CSS"
"/app/solver/cases/CASE-127","8363","PASS","PASS-CSS","PASS-CSS","PASS-CSS","PASS-CSS","PASS-CSS","PASS-CSS","PASS-CSS"
"/app/solver/cases/CASE-127/contract","8382","PASS","PASS-CSS","PASS-CSS","PASS-CSS","PASS-CSS","PASS-CSS","PASS-CSS","PASS-CSS"
"/app/solver/cases/CASE-127/messages","8381","PASS","PASS-CSS","PASS-CSS","PASS-CSS","PASS-CSS","PASS-CSS","PASS-CSS","PASS-CSS"
"/app/solver/cases/CASE-127/payments","8389","PASS","PASS-CSS","PASS-CSS","PASS-CSS","PASS-CSS","PASS-CSS","PASS-CSS","PASS-CSS"
"/app/solver/cases/CASE-127/pilot","8365","PASS","PASS-CSS","PASS-CSS","PASS-CSS","PASS-CSS","PASS-CSS","PASS-CSS","PASS-CSS"
"/app/solver/cases/CASE-138","8363","PASS","PASS-CSS","PASS-CSS","PASS-CSS","PASS-CSS","PASS-CSS","PASS-CSS","PASS-CSS"
"/app/solver/cases/CASE-138/contract","8382","PASS","PASS-CSS","PASS-CSS","PASS-CSS","PASS-CSS","PASS-CSS","PASS-CSS","PASS-CSS"
"/app/solver/cases/CASE-138/messages","8381","PASS","PASS-CSS","PASS-CSS","PASS-CSS","PASS-CSS","PASS-CSS","PASS-CSS","PASS-CSS"
"/app/solver/cases/CASE-138/payments","8389","PASS","PASS-CSS","PASS-CSS","PASS-CSS","PASS-CSS","PASS-CSS","PASS-CSS","PASS-CSS"
"/app/solver/cases/CASE-138/pilot","8365","PASS","PASS-CSS","PASS-CSS","PASS-CSS","PASS-CSS","PASS-CSS","PASS-CSS","PASS-CSS"
"/app/solver/dashboard","8151","PASS","PASS-CSS","PASS-CSS","PASS-CSS","PASS-CSS","PASS-CSS","PASS-CSS","PASS-CSS"
"/app/solver/data-room","8115","PASS","PASS-CSS","PASS-CSS","PASS-CSS","PASS-CSS","PASS-CSS","PASS-CSS","PASS-CSS"
"/app/solver/invitations","8072","PASS","PASS-CSS","PASS-CSS","PASS-CSS","PASS-CSS","PASS-CSS","PASS-CSS","PASS-CSS"
"/app/solver/invitations/INV-204","8217","PASS","PASS-CSS","PASS-CSS","PASS-CSS","PASS-CSS","PASS-CSS","PASS-CSS","PASS-CSS"
"/app/solver/invitations/INV-301","8279","PASS","PASS-CSS","PASS-CSS","PASS-CSS","PASS-CSS","PASS-CSS","PASS-CSS","PASS-CSS"
"/app/solver/invitations/INV-OUT-21-01","8327","PASS","PASS-CSS","PASS-CSS","PASS-CSS","PASS-CSS","PASS-CSS","PASS-CSS","PASS-CSS"
"/app/solver/messages","8121","PASS","PASS-CSS","PASS-CSS","PASS-CSS","PASS-CSS","PASS-CSS","PASS-CSS","PASS-CSS"
"/app/solver/notifications","8286","PASS","PASS-CSS","PASS-CSS","PASS-CSS","PASS-CSS","PASS-CSS","PASS-CSS","PASS-CSS"
"/app/solver/opportunities","8159","PASS","PASS-CSS","PASS-CSS","PASS-CSS","PASS-CSS","PASS-CSS","PASS-CSS","PASS-CSS"
"/app/solver/opportunities/aseptic-cleaning","8461","PASS","PASS-CSS","PASS-CSS","PASS-CSS","PASS-CSS","PASS-CSS","PASS-CSS","PASS-CSS"
"/app/solver/opportunities/boiler-emission","8436","PASS","PASS-CSS","PASS-CSS","PASS-CSS","PASS-CSS","PASS-CSS","PASS-CSS","PASS-CSS"
"/app/solver/opportunities/cold-chain-loss","8427","PASS","PASS-CSS","PASS-CSS","PASS-CSS","PASS-CSS","PASS-CSS","PASS-CSS","PASS-CSS"
"/app/solver/opportunities/compressor-efficiency","8505","PASS","PASS-CSS","PASS-CSS","PASS-CSS","PASS-CSS","PASS-CSS","PASS-CSS","PASS-CSS"
"/app/solver/opportunities/food-waste-value","8422","PASS","PASS-CSS","PASS-CSS","PASS-CSS","PASS-CSS","PASS-CSS","PASS-CSS","PASS-CSS"
"/app/solver/opportunities/line-changeover","8421","PASS","PASS-CSS","PASS-CSS","PASS-CSS","PASS-CSS","PASS-CSS","PASS-CSS","PASS-CSS"
"/app/solver/opportunities/natural-preservative","8456","PASS","PASS-CSS","PASS-CSS","PASS-CSS","PASS-CSS","PASS-CSS","PASS-CSS","PASS-CSS"
"/app/solver/opportunities/predictive-bearing","8439","PASS","PASS-CSS","PASS-CSS","PASS-CSS","PASS-CSS","PASS-CSS","PASS-CSS","PASS-CSS"
"/app/solver/opportunities/robot-pallet","8433","PASS","PASS-CSS","PASS-CSS","PASS-CSS","PASS-CSS","PASS-CSS","PASS-CSS","PASS-CSS"
"/app/solver/opportunities/salt-monitoring","8442","PASS","PASS-CSS","PASS-CSS","PASS-CSS","PASS-CSS","PASS-CSS","PASS-CSS","PASS-CSS"
"/app/solver/opportunities/smart-water-recovery","8324","PASS","PASS-CSS","PASS-CSS","PASS-CSS","PASS-CSS","PASS-CSS","PASS-CSS","PASS-CSS"
"/app/solver/opportunities/vision-defect","8425","PASS","PASS-CSS","PASS-CSS","PASS-CSS","PASS-CSS","PASS-CSS","PASS-CSS","PASS-CSS"
"/app/solver/payments","8136","PASS","PASS-CSS","PASS-CSS","PASS-CSS","PASS-CSS","PASS-CSS","PASS-CSS","PASS-CSS"
"/app/solver/pilots","8048","PASS","PASS-CSS","PASS-CSS","PASS-CSS","PASS-CSS","PASS-CSS","PASS-CSS","PASS-CSS"
"/app/solver/pilots/PIL-021","8087","PASS","PASS-CSS","PASS-CSS","PASS-CSS","PASS-CSS","PASS-CSS","PASS-CSS","PASS-CSS"
"/app/solver/profile","8106","PASS","PASS-CSS","PASS-CSS","PASS-CSS","PASS-CSS","PASS-CSS","PASS-CSS","PASS-CSS"
"/app/solver/profile/preview","8288","PASS","PASS-CSS","PASS-CSS","PASS-CSS","PASS-CSS","PASS-CSS","PASS-CSS","PASS-CSS"
"/app/solver/proposals","8155","PASS","PASS-CSS","PASS-CSS","PASS-CSS","PASS-CSS","PASS-CSS","PASS-CSS","PASS-CSS"
"/app/solver/proposals/new","8181","PASS","PASS-CSS","PASS-CSS","PASS-CSS","PASS-CSS","PASS-CSS","PASS-CSS","PASS-CSS"
"/app/solver/proposals/new/budget","8186","PASS","PASS-CSS","PASS-CSS","PASS-CSS","PASS-CSS","PASS-CSS","PASS-CSS","PASS-CSS"
"/app/solver/proposals/new/execution","8228","PASS","PASS-CSS","PASS-CSS","PASS-CSS","PASS-CSS","PASS-CSS","PASS-CSS","PASS-CSS"
"/app/solver/proposals/new/review","8230","PASS","PASS-CSS","PASS-CSS","PASS-CSS","PASS-CSS","PASS-CSS","PASS-CSS","PASS-CSS"
"/app/solver/proposals/new/summary","8241","PASS","PASS-CSS","PASS-CSS","PASS-CSS","PASS-CSS","PASS-CSS","PASS-CSS","PASS-CSS"
"/app/solver/proposals/new/team","8151","PASS","PASS-CSS","PASS-CSS","PASS-CSS","PASS-CSS","PASS-CSS","PASS-CSS","PASS-CSS"
"/app/solver/proposals/new/technical","8213","PASS","PASS-CSS","PASS-CSS","PASS-CSS","PASS-CSS","PASS-CSS","PASS-CSS","PASS-CSS"
"/app/solver/proposals/PR-104/edit","8203","PASS","PASS-CSS","PASS-CSS","PASS-CSS","PASS-CSS","PASS-CSS","PASS-CSS","PASS-CSS"
"/app/solver/proposals/PR-104/preview","8211","PASS","PASS-CSS","PASS-CSS","PASS-CSS","PASS-CSS","PASS-CSS","PASS-CSS","PASS-CSS"
"/app/solver/proposals/PR-104/versions","8232","PASS","PASS-CSS","PASS-CSS","PASS-CSS","PASS-CSS","PASS-CSS","PASS-CSS","PASS-CSS"
"/app/solver/proposals/PR-109/edit","8329","PASS","PASS-CSS","PASS-CSS","PASS-CSS","PASS-CSS","PASS-CSS","PASS-CSS","PASS-CSS"
"/app/solver/proposals/PR-109/preview","8347","PASS","PASS-CSS","PASS-CSS","PASS-CSS","PASS-CSS","PASS-CSS","PASS-CSS","PASS-CSS"
"/app/solver/proposals/PR-109/versions","8362","PASS","PASS-CSS","PASS-CSS","PASS-CSS","PASS-CSS","PASS-CSS","PASS-CSS","PASS-CSS"
"/app/solver/proposals/PR-116/edit","8329","PASS","PASS-CSS","PASS-CSS","PASS-CSS","PASS-CSS","PASS-CSS","PASS-CSS","PASS-CSS"
"/app/solver/proposals/PR-116/preview","8347","PASS","PASS-CSS","PASS-CSS","PASS-CSS","PASS-CSS","PASS-CSS","PASS-CSS","PASS-CSS"
"/app/solver/proposals/PR-116/versions","8362","PASS","PASS-CSS","PASS-CSS","PASS-CSS","PASS-CSS","PASS-CSS","PASS-CSS","PASS-CSS"
"/app/solver/proposals/PR-121/edit","8329","PASS","PASS-CSS","PASS-CSS","PASS-CSS","PASS-CSS","PASS-CSS","PASS-CSS","PASS-CSS"
"/app/solver/proposals/PR-121/preview","8347","PASS","PASS-CSS","PASS-CSS","PASS-CSS","PASS-CSS","PASS-CSS","PASS-CSS","PASS-CSS"
"/app/solver/proposals/PR-121/versions","8362","PASS","PASS-CSS","PASS-CSS","PASS-CSS","PASS-CSS","PASS-CSS","PASS-CSS","PASS-CSS"
"/app/solver/proposals/PR-127/edit","8329","PASS","PASS-CSS","PASS-CSS","PASS-CSS","PASS-CSS","PASS-CSS","PASS-CSS","PASS-CSS"
"/app/solver/proposals/PR-127/preview","8347","PASS","PASS-CSS","PASS-CSS","PASS-CSS","PASS-CSS","PASS-CSS","PASS-CSS","PASS-CSS"
"/app/solver/proposals/PR-127/versions","8362","PASS","PASS-CSS","PASS-CSS","PASS-CSS","PASS-CSS","PASS-CSS","PASS-CSS","PASS-CSS"
"/app/solver/proposals/PR-134/edit","8329","PASS","PASS-CSS","PASS-CSS","PASS-CSS","PASS-CSS","PASS-CSS","PASS-CSS","PASS-CSS"
"/app/solver/proposals/PR-134/preview","8347","PASS","PASS-CSS","PASS-CSS","PASS-CSS","PASS-CSS","PASS-CSS","PASS-CSS","PASS-CSS"
"/app/solver/proposals/PR-134/versions","8362","PASS","PASS-CSS","PASS-CSS","PASS-CSS","PASS-CSS","PASS-CSS","PASS-CSS","PASS-CSS"
"/app/solver/proposals/PR-138/edit","8329","PASS","PASS-CSS","PASS-CSS","PASS-CSS","PASS-CSS","PASS-CSS","PASS-CSS","PASS-CSS"
"/app/solver/proposals/PR-138/preview","8347","PASS","PASS-CSS","PASS-CSS","PASS-CSS","PASS-CSS","PASS-CSS","PASS-CSS","PASS-CSS"
"/app/solver/proposals/PR-138/versions","8362","PASS","PASS-CSS","PASS-CSS","PASS-CSS","PASS-CSS","PASS-CSS","PASS-CSS","PASS-CSS"
"/app/solver/received-proposals","8242","PASS","PASS-CSS","PASS-CSS","PASS-CSS","PASS-CSS","PASS-CSS","PASS-CSS","PASS-CSS"
"/app/solver/received-proposals/OFF-211/respond","8339","PASS","PASS-CSS","PASS-CSS","PASS-CSS","PASS-CSS","PASS-CSS","PASS-CSS","PASS-CSS"
"/app/solver/received-proposals/OFF-218/respond","8321","PASS","PASS-CSS","PASS-CSS","PASS-CSS","PASS-CSS","PASS-CSS","PASS-CSS","PASS-CSS"
"/app/solver/received-proposals/OFF-219/respond","8339","PASS","PASS-CSS","PASS-CSS","PASS-CSS","PASS-CSS","PASS-CSS","PASS-CSS","PASS-CSS"
"/app/solver/received-proposals/OFF-226/respond","8339","PASS","PASS-CSS","PASS-CSS","PASS-CSS","PASS-CSS","PASS-CSS","PASS-CSS","PASS-CSS"
"/app/solver/received-proposals/OFF-241/respond","8321","PASS","PASS-CSS","PASS-CSS","PASS-CSS","PASS-CSS","PASS-CSS","PASS-CSS","PASS-CSS"
"/app/solver/received-proposals/OFF-DEMO-001/respond","8364","PASS","PASS-CSS","PASS-CSS","PASS-CSS","PASS-CSS","PASS-CSS","PASS-CSS","PASS-CSS"
"/app/solver/received-proposals/OFF-DEMO-002/respond","8364","PASS","PASS-CSS","PASS-CSS","PASS-CSS","PASS-CSS","PASS-CSS","PASS-CSS","PASS-CSS"
"/app/solver/received-proposals/OFF-DEMO-003/respond","8364","PASS","PASS-CSS","PASS-CSS","PASS-CSS","PASS-CSS","PASS-CSS","PASS-CSS","PASS-CSS"
"/app/solver/received-proposals/OFF-DEMO-004/respond","8364","PASS","PASS-CSS","PASS-CSS","PASS-CSS","PASS-CSS","PASS-CSS","PASS-CSS","PASS-CSS"
"/app/solver/received-proposals/OFF-DEMO-005/respond","8364","PASS","PASS-CSS","PASS-CSS","PASS-CSS","PASS-CSS","PASS-CSS","PASS-CSS","PASS-CSS"
"/app/solver/received-proposals/OFF-DEMO-006/respond","8364","PASS","PASS-CSS","PASS-CSS","PASS-CSS","PASS-CSS","PASS-CSS","PASS-CSS","PASS-CSS"
"/app/solver/received-proposals/OFF-DEMO-007/respond","8364","PASS","PASS-CSS","PASS-CSS","PASS-CSS","PASS-CSS","PASS-CSS","PASS-CSS","PASS-CSS"
"/app/solver/received-proposals/OFF-DEMO-008/respond","8364","PASS","PASS-CSS","PASS-CSS","PASS-CSS","PASS-CSS","PASS-CSS","PASS-CSS","PASS-CSS"
"/app/solver/reputation","8267","PASS","PASS-CSS","PASS-CSS","PASS-CSS","PASS-CSS","PASS-CSS","PASS-CSS","PASS-CSS"
"/app/solver/saved","8186","PASS","PASS-CSS","PASS-CSS","PASS-CSS","PASS-CSS","PASS-CSS","PASS-CSS","PASS-CSS"
"/app/solver/settings","8057","PASS","PASS-CSS","PASS-CSS","PASS-CSS","PASS-CSS","PASS-CSS","PASS-CSS","PASS-CSS"
"/app/solver/team-building","8135","PASS","PASS-CSS","PASS-CSS","PASS-CSS","PASS-CSS","PASS-CSS","PASS-CSS","PASS-CSS"
"/app/solver/teams","8049","PASS","PASS-CSS","PASS-CSS","PASS-CSS","PASS-CSS","PASS-CSS","PASS-CSS","PASS-CSS"
"/app/solver/teams/new","8199","PASS","PASS-CSS","PASS-CSS","PASS-CSS","PASS-CSS","PASS-CSS","PASS-CSS","PASS-CSS"
"/app/solver/teams/TEAM-21","8079","PASS","PASS-CSS","PASS-CSS","PASS-CSS","PASS-CSS","PASS-CSS","PASS-CSS","PASS-CSS"
"/app/solver/teams/TEAM-34","8289","PASS","PASS-CSS","PASS-CSS","PASS-CSS","PASS-CSS","PASS-CSS","PASS-CSS","PASS-CSS"
"/app/solver/teams/TEAM-55","8283","PASS","PASS-CSS","PASS-CSS","PASS-CSS","PASS-CSS","PASS-CSS","PASS-CSS","PASS-CSS"
"/app/solver/verification","8053","PASS","PASS-CSS","PASS-CSS","PASS-CSS","PASS-CSS","PASS-CSS","PASS-CSS","PASS-CSS"
"/app/tasks","8010","PASS","PASS-CSS","PASS-CSS","PASS-CSS","PASS-CSS","PASS-CSS","PASS-CSS","PASS-CSS"
"/auth","15508","PASS","PASS-CSS","PASS-CSS","PASS-CSS","PASS-CSS","PASS-CSS","PASS-CSS","PASS-CSS"
"/auth/login","12646","PASS","PASS-CSS","PASS-CSS","PASS-CSS","PASS-CSS","PASS-CSS","PASS-CSS","PASS-CSS"
"/auth/organization/login","12369","PASS","PASS-CSS","PASS-CSS","PASS-CSS","PASS-CSS","PASS-CSS","PASS-CSS","PASS-CSS"
"/auth/organization/register/company","14179","PASS","PASS-CSS","PASS-CSS","PASS-CSS","PASS-CSS","PASS-CSS","PASS-CSS","PASS-CSS"
"/auth/organization/register/representative","13174","PASS","PASS-CSS","PASS-CSS","PASS-CSS","PASS-CSS","PASS-CSS","PASS-CSS","PASS-CSS"
"/auth/otp","9611","PASS","PASS-CSS","PASS-CSS","PASS-CSS","PASS-CSS","PASS-CSS","PASS-CSS","PASS-CSS"
"/auth/recovery","9450","PASS","PASS-CSS","PASS-CSS","PASS-CSS","PASS-CSS","PASS-CSS","PASS-CSS","PASS-CSS"
"/auth/register","16021","PASS","PASS-CSS","PASS-CSS","PASS-CSS","PASS-CSS","PASS-CSS","PASS-CSS","PASS-CSS"
"/auth/solver/register/account","13693","PASS","PASS-CSS","PASS-CSS","PASS-CSS","PASS-CSS","PASS-CSS","PASS-CSS","PASS-CSS"
"/auth/solver/register/profile","15417","PASS","PASS-CSS","PASS-CSS","PASS-CSS","PASS-CSS","PASS-CSS","PASS-CSS","PASS-CSS"
"/auth/solver/register/type","12669","PASS","PASS-CSS","PASS-CSS","PASS-CSS","PASS-CSS","PASS-CSS","PASS-CSS","PASS-CSS"
"/auth/verify-contact","15003","PASS","PASS-CSS","PASS-CSS","PASS-CSS","PASS-CSS","PASS-CSS","PASS-CSS","PASS-CSS"
"/challenges","52275","PASS","PASS-CSS","PASS-CSS","PASS-CSS","PASS-CSS","PASS-CSS","PASS-CSS","PASS-CSS"
"/challenges/aseptic-cleaning","26316","PASS","PASS-CSS","PASS-CSS","PASS-CSS","PASS-CSS","PASS-CSS","PASS-CSS","PASS-CSS"
"/challenges/boiler-emission","25590","PASS","PASS-CSS","PASS-CSS","PASS-CSS","PASS-CSS","PASS-CSS","PASS-CSS","PASS-CSS"
"/challenges/CH-1405-021","26421","PASS","PASS-CSS","PASS-CSS","PASS-CSS","PASS-CSS","PASS-CSS","PASS-CSS","PASS-CSS"
"/challenges/CH-1405-022","26874","PASS","PASS-CSS","PASS-CSS","PASS-CSS","PASS-CSS","PASS-CSS","PASS-CSS","PASS-CSS"
"/challenges/CH-1405-023","26355","PASS","PASS-CSS","PASS-CSS","PASS-CSS","PASS-CSS","PASS-CSS","PASS-CSS","PASS-CSS"
"/challenges/CH-1405-024","26648","PASS","PASS-CSS","PASS-CSS","PASS-CSS","PASS-CSS","PASS-CSS","PASS-CSS","PASS-CSS"
"/challenges/CH-1405-025","26633","PASS","PASS-CSS","PASS-CSS","PASS-CSS","PASS-CSS","PASS-CSS","PASS-CSS","PASS-CSS"
"/challenges/CH-1405-026","26449","PASS","PASS-CSS","PASS-CSS","PASS-CSS","PASS-CSS","PASS-CSS","PASS-CSS","PASS-CSS"
"/challenges/CH-1405-027","25574","PASS","PASS-CSS","PASS-CSS","PASS-CSS","PASS-CSS","PASS-CSS","PASS-CSS","PASS-CSS"
"/challenges/CH-1405-028","26251","PASS","PASS-CSS","PASS-CSS","PASS-CSS","PASS-CSS","PASS-CSS","PASS-CSS","PASS-CSS"
"/challenges/CH-1405-029","26362","PASS","PASS-CSS","PASS-CSS","PASS-CSS","PASS-CSS","PASS-CSS","PASS-CSS","PASS-CSS"
"/challenges/CH-1405-030","26296","PASS","PASS-CSS","PASS-CSS","PASS-CSS","PASS-CSS","PASS-CSS","PASS-CSS","PASS-CSS"
"/challenges/CH-1405-031","26371","PASS","PASS-CSS","PASS-CSS","PASS-CSS","PASS-CSS","PASS-CSS","PASS-CSS","PASS-CSS"
"/challenges/CH-1405-032","26511","PASS","PASS-CSS","PASS-CSS","PASS-CSS","PASS-CSS","PASS-CSS","PASS-CSS","PASS-CSS"
"/challenges/CH-1405-034","11138","PASS","PASS-CSS","PASS-CSS","PASS-CSS","PASS-CSS","PASS-CSS","PASS-CSS","PASS-CSS"
"/challenges/CH-1405-041","11138","PASS","PASS-CSS","PASS-CSS","PASS-CSS","PASS-CSS","PASS-CSS","PASS-CSS","PASS-CSS"
"/challenges/CH-1405-052","11138","PASS","PASS-CSS","PASS-CSS","PASS-CSS","PASS-CSS","PASS-CSS","PASS-CSS","PASS-CSS"
"/challenges/CH-DRAFT-001","11142","PASS","PASS-CSS","PASS-CSS","PASS-CSS","PASS-CSS","PASS-CSS","PASS-CSS","PASS-CSS"
"/challenges/CH-DRAFT-002","11142","PASS","PASS-CSS","PASS-CSS","PASS-CSS","PASS-CSS","PASS-CSS","PASS-CSS","PASS-CSS"
"/challenges/CH-DRAFT-003","11142","PASS","PASS-CSS","PASS-CSS","PASS-CSS","PASS-CSS","PASS-CSS","PASS-CSS","PASS-CSS"
"/challenges/CH-DRAFT-004","11142","PASS","PASS-CSS","PASS-CSS","PASS-CSS","PASS-CSS","PASS-CSS","PASS-CSS","PASS-CSS"
"/challenges/CH-DRAFT-005","11142","PASS","PASS-CSS","PASS-CSS","PASS-CSS","PASS-CSS","PASS-CSS","PASS-CSS","PASS-CSS"
"/challenges/CH-DRAFT-006","11142","PASS","PASS-CSS","PASS-CSS","PASS-CSS","PASS-CSS","PASS-CSS","PASS-CSS","PASS-CSS"
"/challenges/CH-DRAFT-007","11142","PASS","PASS-CSS","PASS-CSS","PASS-CSS","PASS-CSS","PASS-CSS","PASS-CSS","PASS-CSS"
"/challenges/CH-DRAFT-008","11142","PASS","PASS-CSS","PASS-CSS","PASS-CSS","PASS-CSS","PASS-CSS","PASS-CSS","PASS-CSS"
"/challenges/cold-chain-loss","26371","PASS","PASS-CSS","PASS-CSS","PASS-CSS","PASS-CSS","PASS-CSS","PASS-CSS","PASS-CSS"
"/challenges/compressor-efficiency","26688","PASS","PASS-CSS","PASS-CSS","PASS-CSS","PASS-CSS","PASS-CSS","PASS-CSS","PASS-CSS"
"/challenges/food-waste-value","26469","PASS","PASS-CSS","PASS-CSS","PASS-CSS","PASS-CSS","PASS-CSS","PASS-CSS","PASS-CSS"
"/challenges/line-changeover","26267","PASS","PASS-CSS","PASS-CSS","PASS-CSS","PASS-CSS","PASS-CSS","PASS-CSS","PASS-CSS"
"/challenges/natural-preservative","26547","PASS","PASS-CSS","PASS-CSS","PASS-CSS","PASS-CSS","PASS-CSS","PASS-CSS","PASS-CSS"
"/challenges/predictive-bearing","26902","PASS","PASS-CSS","PASS-CSS","PASS-CSS","PASS-CSS","PASS-CSS","PASS-CSS","PASS-CSS"
"/challenges/robot-pallet","26375","PASS","PASS-CSS","PASS-CSS","PASS-CSS","PASS-CSS","PASS-CSS","PASS-CSS","PASS-CSS"
"/challenges/salt-monitoring","26378","PASS","PASS-CSS","PASS-CSS","PASS-CSS","PASS-CSS","PASS-CSS","PASS-CSS","PASS-CSS"
"/challenges/smart-water-recovery","26457","PASS","PASS-CSS","PASS-CSS","PASS-CSS","PASS-CSS","PASS-CSS","PASS-CSS","PASS-CSS"
"/challenges/vision-defect","26641","PASS","PASS-CSS","PASS-CSS","PASS-CSS","PASS-CSS","PASS-CSS","PASS-CSS","PASS-CSS"
"/contact","17486","PASS","PASS-CSS","PASS-CSS","PASS-CSS","PASS-CSS","PASS-CSS","PASS-CSS","PASS-CSS"
"/for-organizations","18635","PASS","PASS-CSS","PASS-CSS","PASS-CSS","PASS-CSS","PASS-CSS","PASS-CSS","PASS-CSS"
"/for-solvers","18768","PASS","PASS-CSS","PASS-CSS","PASS-CSS","PASS-CSS","PASS-CSS","PASS-CSS","PASS-CSS"
"/guides","18330","PASS","PASS-CSS","PASS-CSS","PASS-CSS","PASS-CSS","PASS-CSS","PASS-CSS","PASS-CSS"
"/guides/confidentiality","15920","PASS","PASS-CSS","PASS-CSS","PASS-CSS","PASS-CSS","PASS-CSS","PASS-CSS","PASS-CSS"
"/guides/intellectual-property","26173","PASS","PASS-CSS","PASS-CSS","PASS-CSS","PASS-CSS","PASS-CSS","PASS-CSS","PASS-CSS"
"/guides/payments-disputes","15820","PASS","PASS-CSS","PASS-CSS","PASS-CSS","PASS-CSS","PASS-CSS","PASS-CSS","PASS-CSS"
"/guides/review-rules","16069","PASS","PASS-CSS","PASS-CSS","PASS-CSS","PASS-CSS","PASS-CSS","PASS-CSS","PASS-CSS"
"/how-it-works","15928","PASS","PASS-CSS","PASS-CSS","PASS-CSS","PASS-CSS","PASS-CSS","PASS-CSS","PASS-CSS"
"/how-it-works/impact","15277","PASS","PASS-CSS","PASS-CSS","PASS-CSS","PASS-CSS","PASS-CSS","PASS-CSS","PASS-CSS"
"/legal/privacy","15997","PASS","PASS-CSS","PASS-CSS","PASS-CSS","PASS-CSS","PASS-CSS","PASS-CSS","PASS-CSS"
"/legal/terms","15749","PASS","PASS-CSS","PASS-CSS","PASS-CSS","PASS-CSS","PASS-CSS","PASS-CSS","PASS-CSS"
"/onboarding/organization/company","15656","PASS","PASS-CSS","PASS-CSS","PASS-CSS","PASS-CSS","PASS-CSS","PASS-CSS","PASS-CSS"
"/onboarding/organization/complete","16529","PASS","PASS-CSS","PASS-CSS","PASS-CSS","PASS-CSS","PASS-CSS","PASS-CSS","PASS-CSS"
"/onboarding/organization/contact","15424","PASS","PASS-CSS","PASS-CSS","PASS-CSS","PASS-CSS","PASS-CSS","PASS-CSS","PASS-CSS"
"/onboarding/organization/first-challenge","7908","PASS","PASS-CSS","PASS-CSS","PASS-CSS","PASS-CSS","PASS-CSS","PASS-CSS","PASS-CSS"
"/onboarding/organization/invite-team","16330","PASS","PASS-CSS","PASS-CSS","PASS-CSS","PASS-CSS","PASS-CSS","PASS-CSS","PASS-CSS"
"/onboarding/organization/representative","15798","PASS","PASS-CSS","PASS-CSS","PASS-CSS","PASS-CSS","PASS-CSS","PASS-CSS","PASS-CSS"
"/onboarding/organization/verification","16052","PASS","PASS-CSS","PASS-CSS","PASS-CSS","PASS-CSS","PASS-CSS","PASS-CSS","PASS-CSS"
"/onboarding/organization/workspace","16154","PASS","PASS-CSS","PASS-CSS","PASS-CSS","PASS-CSS","PASS-CSS","PASS-CSS","PASS-CSS"
"/onboarding/solver/complete","16689","PASS","PASS-CSS","PASS-CSS","PASS-CSS","PASS-CSS","PASS-CSS","PASS-CSS","PASS-CSS"
"/onboarding/solver/contact","15366","PASS","PASS-CSS","PASS-CSS","PASS-CSS","PASS-CSS","PASS-CSS","PASS-CSS","PASS-CSS"
"/onboarding/solver/expertise","15829","PASS","PASS-CSS","PASS-CSS","PASS-CSS","PASS-CSS","PASS-CSS","PASS-CSS","PASS-CSS"
"/onboarding/solver/identity","16167","PASS","PASS-CSS","PASS-CSS","PASS-CSS","PASS-CSS","PASS-CSS","PASS-CSS","PASS-CSS"
"/onboarding/solver/portfolio","16047","PASS","PASS-CSS","PASS-CSS","PASS-CSS","PASS-CSS","PASS-CSS","PASS-CSS","PASS-CSS"
"/onboarding/solver/preferences","16359","PASS","PASS-CSS","PASS-CSS","PASS-CSS","PASS-CSS","PASS-CSS","PASS-CSS","PASS-CSS"
"/onboarding/solver/recommendations","16612","PASS","PASS-CSS","PASS-CSS","PASS-CSS","PASS-CSS","PASS-CSS","PASS-CSS","PASS-CSS"
"/onboarding/solver/type","15518","PASS","PASS-CSS","PASS-CSS","PASS-CSS","PASS-CSS","PASS-CSS","PASS-CSS","PASS-CSS"
"/ops","7630","PASS","PASS-CSS","PASS-CSS","PASS-CSS","PASS-CSS","PASS-CSS","PASS-CSS","PASS-CSS"
"/ops/disputes","7659","PASS","PASS-CSS","PASS-CSS","PASS-CSS","PASS-CSS","PASS-CSS","PASS-CSS","PASS-CSS"
"/ops/kyc","7652","PASS","PASS-CSS","PASS-CSS","PASS-CSS","PASS-CSS","PASS-CSS","PASS-CSS","PASS-CSS"
"/ops/moderation","7669","PASS","PASS-CSS","PASS-CSS","PASS-CSS","PASS-CSS","PASS-CSS","PASS-CSS","PASS-CSS"
"/ops/payments","7659","PASS","PASS-CSS","PASS-CSS","PASS-CSS","PASS-CSS","PASS-CSS","PASS-CSS","PASS-CSS"
"/ops/quality-gate","7677","PASS","PASS-CSS","PASS-CSS","PASS-CSS","PASS-CSS","PASS-CSS","PASS-CSS","PASS-CSS"
"/ops/review-monitoring","7684","PASS","PASS-CSS","PASS-CSS","PASS-CSS","PASS-CSS","PASS-CSS","PASS-CSS","PASS-CSS"
"/ops/settings","7659","PASS","PASS-CSS","PASS-CSS","PASS-CSS","PASS-CSS","PASS-CSS","PASS-CSS","PASS-CSS"
"/ops/support","8731","PASS","PASS-CSS","PASS-CSS","PASS-CSS","PASS-CSS","PASS-CSS","PASS-CSS","PASS-CSS"
"/ops/system","8858","PASS","PASS-CSS","PASS-CSS","PASS-CSS","PASS-CSS","PASS-CSS","PASS-CSS","PASS-CSS"
"/org","7630","PASS","PASS-CSS","PASS-CSS","PASS-CSS","PASS-CSS","PASS-CSS","PASS-CSS","PASS-CSS"
"/org/approvals","8963","PASS","PASS-CSS","PASS-CSS","PASS-CSS","PASS-CSS","PASS-CSS","PASS-CSS","PASS-CSS"
"/org/audit","8599","PASS","PASS-CSS","PASS-CSS","PASS-CSS","PASS-CSS","PASS-CSS","PASS-CSS","PASS-CSS"
"/org/challenges","7669","PASS","PASS-CSS","PASS-CSS","PASS-CSS","PASS-CSS","PASS-CSS","PASS-CSS","PASS-CSS"
"/org/challenges/CH-1405-021","7733","PASS","PASS-CSS","PASS-CSS","PASS-CSS","PASS-CSS","PASS-CSS","PASS-CSS","PASS-CSS"
"/org/challenges/CH-1405-021/edit","7762","PASS","PASS-CSS","PASS-CSS","PASS-CSS","PASS-CSS","PASS-CSS","PASS-CSS","PASS-CSS"
"/org/challenges/CH-1405-021/preview","7777","PASS","PASS-CSS","PASS-CSS","PASS-CSS","PASS-CSS","PASS-CSS","PASS-CSS","PASS-CSS"
"/org/challenges/CH-1405-021/studio","7772","PASS","PASS-CSS","PASS-CSS","PASS-CSS","PASS-CSS","PASS-CSS","PASS-CSS","PASS-CSS"
"/org/challenges/CH-1405-021/submitted","7787","PASS","PASS-CSS","PASS-CSS","PASS-CSS","PASS-CSS","PASS-CSS","PASS-CSS","PASS-CSS"
"/org/challenges/CH-1405-034","7733","PASS","PASS-CSS","PASS-CSS","PASS-CSS","PASS-CSS","PASS-CSS","PASS-CSS","PASS-CSS"
"/org/challenges/CH-1405-034/edit","7762","PASS","PASS-CSS","PASS-CSS","PASS-CSS","PASS-CSS","PASS-CSS","PASS-CSS","PASS-CSS"
"/org/challenges/CH-1405-034/preview","7777","PASS","PASS-CSS","PASS-CSS","PASS-CSS","PASS-CSS","PASS-CSS","PASS-CSS","PASS-CSS"
"/org/challenges/CH-1405-034/studio","7772","PASS","PASS-CSS","PASS-CSS","PASS-CSS","PASS-CSS","PASS-CSS","PASS-CSS","PASS-CSS"
"/org/challenges/CH-1405-034/submitted","7787","PASS","PASS-CSS","PASS-CSS","PASS-CSS","PASS-CSS","PASS-CSS","PASS-CSS","PASS-CSS"
"/org/challenges/CH-1405-041","7733","PASS","PASS-CSS","PASS-CSS","PASS-CSS","PASS-CSS","PASS-CSS","PASS-CSS","PASS-CSS"
"/org/challenges/CH-1405-041/edit","7762","PASS","PASS-CSS","PASS-CSS","PASS-CSS","PASS-CSS","PASS-CSS","PASS-CSS","PASS-CSS"
"/org/challenges/CH-1405-041/preview","7777","PASS","PASS-CSS","PASS-CSS","PASS-CSS","PASS-CSS","PASS-CSS","PASS-CSS","PASS-CSS"
"/org/challenges/CH-1405-041/studio","7772","PASS","PASS-CSS","PASS-CSS","PASS-CSS","PASS-CSS","PASS-CSS","PASS-CSS","PASS-CSS"
"/org/challenges/CH-1405-041/submitted","7787","PASS","PASS-CSS","PASS-CSS","PASS-CSS","PASS-CSS","PASS-CSS","PASS-CSS","PASS-CSS"
"/org/challenges/CH-1405-052","7733","PASS","PASS-CSS","PASS-CSS","PASS-CSS","PASS-CSS","PASS-CSS","PASS-CSS","PASS-CSS"
"/org/challenges/CH-1405-052/edit","7762","PASS","PASS-CSS","PASS-CSS","PASS-CSS","PASS-CSS","PASS-CSS","PASS-CSS","PASS-CSS"
"/org/challenges/CH-1405-052/preview","7777","PASS","PASS-CSS","PASS-CSS","PASS-CSS","PASS-CSS","PASS-CSS","PASS-CSS","PASS-CSS"
"/org/challenges/CH-1405-052/studio","7772","PASS","PASS-CSS","PASS-CSS","PASS-CSS","PASS-CSS","PASS-CSS","PASS-CSS","PASS-CSS"
"/org/challenges/CH-1405-052/submitted","7787","PASS","PASS-CSS","PASS-CSS","PASS-CSS","PASS-CSS","PASS-CSS","PASS-CSS","PASS-CSS"
"/org/challenges/CH-DRAFT-001","7738","PASS","PASS-CSS","PASS-CSS","PASS-CSS","PASS-CSS","PASS-CSS","PASS-CSS","PASS-CSS"
"/org/challenges/CH-DRAFT-001/edit","7767","PASS","PASS-CSS","PASS-CSS","PASS-CSS","PASS-CSS","PASS-CSS","PASS-CSS","PASS-CSS"
"/org/challenges/CH-DRAFT-001/preview","7782","PASS","PASS-CSS","PASS-CSS","PASS-CSS","PASS-CSS","PASS-CSS","PASS-CSS","PASS-CSS"
"/org/challenges/CH-DRAFT-001/studio","7777","PASS","PASS-CSS","PASS-CSS","PASS-CSS","PASS-CSS","PASS-CSS","PASS-CSS","PASS-CSS"
"/org/challenges/CH-DRAFT-001/submitted","7792","PASS","PASS-CSS","PASS-CSS","PASS-CSS","PASS-CSS","PASS-CSS","PASS-CSS","PASS-CSS"
"/org/challenges/CH-DRAFT-002","7738","PASS","PASS-CSS","PASS-CSS","PASS-CSS","PASS-CSS","PASS-CSS","PASS-CSS","PASS-CSS"
"/org/challenges/CH-DRAFT-002/edit","7767","PASS","PASS-CSS","PASS-CSS","PASS-CSS","PASS-CSS","PASS-CSS","PASS-CSS","PASS-CSS"
"/org/challenges/CH-DRAFT-002/preview","7782","PASS","PASS-CSS","PASS-CSS","PASS-CSS","PASS-CSS","PASS-CSS","PASS-CSS","PASS-CSS"
"/org/challenges/CH-DRAFT-002/studio","7777","PASS","PASS-CSS","PASS-CSS","PASS-CSS","PASS-CSS","PASS-CSS","PASS-CSS","PASS-CSS"
"/org/challenges/CH-DRAFT-002/submitted","7792","PASS","PASS-CSS","PASS-CSS","PASS-CSS","PASS-CSS","PASS-CSS","PASS-CSS","PASS-CSS"
"/org/challenges/CH-DRAFT-003","7738","PASS","PASS-CSS","PASS-CSS","PASS-CSS","PASS-CSS","PASS-CSS","PASS-CSS","PASS-CSS"
"/org/challenges/CH-DRAFT-003/edit","7767","PASS","PASS-CSS","PASS-CSS","PASS-CSS","PASS-CSS","PASS-CSS","PASS-CSS","PASS-CSS"
"/org/challenges/CH-DRAFT-003/preview","7782","PASS","PASS-CSS","PASS-CSS","PASS-CSS","PASS-CSS","PASS-CSS","PASS-CSS","PASS-CSS"
"/org/challenges/CH-DRAFT-003/studio","7777","PASS","PASS-CSS","PASS-CSS","PASS-CSS","PASS-CSS","PASS-CSS","PASS-CSS","PASS-CSS"
"/org/challenges/CH-DRAFT-003/submitted","7792","PASS","PASS-CSS","PASS-CSS","PASS-CSS","PASS-CSS","PASS-CSS","PASS-CSS","PASS-CSS"
"/org/challenges/CH-DRAFT-004","7738","PASS","PASS-CSS","PASS-CSS","PASS-CSS","PASS-CSS","PASS-CSS","PASS-CSS","PASS-CSS"
"/org/challenges/CH-DRAFT-004/edit","7767","PASS","PASS-CSS","PASS-CSS","PASS-CSS","PASS-CSS","PASS-CSS","PASS-CSS","PASS-CSS"
"/org/challenges/CH-DRAFT-004/preview","7782","PASS","PASS-CSS","PASS-CSS","PASS-CSS","PASS-CSS","PASS-CSS","PASS-CSS","PASS-CSS"
"/org/challenges/CH-DRAFT-004/studio","7777","PASS","PASS-CSS","PASS-CSS","PASS-CSS","PASS-CSS","PASS-CSS","PASS-CSS","PASS-CSS"
"/org/challenges/CH-DRAFT-004/submitted","7792","PASS","PASS-CSS","PASS-CSS","PASS-CSS","PASS-CSS","PASS-CSS","PASS-CSS","PASS-CSS"
"/org/challenges/CH-DRAFT-005","7738","PASS","PASS-CSS","PASS-CSS","PASS-CSS","PASS-CSS","PASS-CSS","PASS-CSS","PASS-CSS"
"/org/challenges/CH-DRAFT-005/edit","7767","PASS","PASS-CSS","PASS-CSS","PASS-CSS","PASS-CSS","PASS-CSS","PASS-CSS","PASS-CSS"
"/org/challenges/CH-DRAFT-005/preview","7782","PASS","PASS-CSS","PASS-CSS","PASS-CSS","PASS-CSS","PASS-CSS","PASS-CSS","PASS-CSS"
"/org/challenges/CH-DRAFT-005/studio","7777","PASS","PASS-CSS","PASS-CSS","PASS-CSS","PASS-CSS","PASS-CSS","PASS-CSS","PASS-CSS"
"/org/challenges/CH-DRAFT-005/submitted","7792","PASS","PASS-CSS","PASS-CSS","PASS-CSS","PASS-CSS","PASS-CSS","PASS-CSS","PASS-CSS"
"/org/challenges/CH-DRAFT-006","7738","PASS","PASS-CSS","PASS-CSS","PASS-CSS","PASS-CSS","PASS-CSS","PASS-CSS","PASS-CSS"
"/org/challenges/CH-DRAFT-006/edit","7767","PASS","PASS-CSS","PASS-CSS","PASS-CSS","PASS-CSS","PASS-CSS","PASS-CSS","PASS-CSS"
"/org/challenges/CH-DRAFT-006/preview","7782","PASS","PASS-CSS","PASS-CSS","PASS-CSS","PASS-CSS","PASS-CSS","PASS-CSS","PASS-CSS"
"/org/challenges/CH-DRAFT-006/studio","7777","PASS","PASS-CSS","PASS-CSS","PASS-CSS","PASS-CSS","PASS-CSS","PASS-CSS","PASS-CSS"
"/org/challenges/CH-DRAFT-006/submitted","7792","PASS","PASS-CSS","PASS-CSS","PASS-CSS","PASS-CSS","PASS-CSS","PASS-CSS","PASS-CSS"
"/org/challenges/CH-DRAFT-007","7738","PASS","PASS-CSS","PASS-CSS","PASS-CSS","PASS-CSS","PASS-CSS","PASS-CSS","PASS-CSS"
"/org/challenges/CH-DRAFT-007/edit","7767","PASS","PASS-CSS","PASS-CSS","PASS-CSS","PASS-CSS","PASS-CSS","PASS-CSS","PASS-CSS"
"/org/challenges/CH-DRAFT-007/preview","7782","PASS","PASS-CSS","PASS-CSS","PASS-CSS","PASS-CSS","PASS-CSS","PASS-CSS","PASS-CSS"
"/org/challenges/CH-DRAFT-007/studio","7777","PASS","PASS-CSS","PASS-CSS","PASS-CSS","PASS-CSS","PASS-CSS","PASS-CSS","PASS-CSS"
"/org/challenges/CH-DRAFT-007/submitted","7792","PASS","PASS-CSS","PASS-CSS","PASS-CSS","PASS-CSS","PASS-CSS","PASS-CSS","PASS-CSS"
"/org/challenges/CH-DRAFT-008","7738","PASS","PASS-CSS","PASS-CSS","PASS-CSS","PASS-CSS","PASS-CSS","PASS-CSS","PASS-CSS"
"/org/challenges/CH-DRAFT-008/edit","7767","PASS","PASS-CSS","PASS-CSS","PASS-CSS","PASS-CSS","PASS-CSS","PASS-CSS","PASS-CSS"
"/org/challenges/CH-DRAFT-008/preview","7782","PASS","PASS-CSS","PASS-CSS","PASS-CSS","PASS-CSS","PASS-CSS","PASS-CSS","PASS-CSS"
"/org/challenges/CH-DRAFT-008/studio","7777","PASS","PASS-CSS","PASS-CSS","PASS-CSS","PASS-CSS","PASS-CSS","PASS-CSS","PASS-CSS"
"/org/challenges/CH-DRAFT-008/submitted","7792","PASS","PASS-CSS","PASS-CSS","PASS-CSS","PASS-CSS","PASS-CSS","PASS-CSS","PASS-CSS"
"/org/challenges/new","7693","PASS","PASS-CSS","PASS-CSS","PASS-CSS","PASS-CSS","PASS-CSS","PASS-CSS","PASS-CSS"
"/org/challenges/sample","7736","PASS","PASS-CSS","PASS-CSS","PASS-CSS","PASS-CSS","PASS-CSS","PASS-CSS","PASS-CSS"
"/org/challenges/sample/compare","7782","PASS","PASS-CSS","PASS-CSS","PASS-CSS","PASS-CSS","PASS-CSS","PASS-CSS","PASS-CSS"
"/org/challenges/sample/contract","7767","PASS","PASS-CSS","PASS-CSS","PASS-CSS","PASS-CSS","PASS-CSS","PASS-CSS","PASS-CSS"
"/org/challenges/sample/conversations","7792","PASS","PASS-CSS","PASS-CSS","PASS-CSS","PASS-CSS","PASS-CSS","PASS-CSS","PASS-CSS"
"/org/challenges/sample/decision","7767","PASS","PASS-CSS","PASS-CSS","PASS-CSS","PASS-CSS","PASS-CSS","PASS-CSS","PASS-CSS"
"/org/challenges/sample/deliverables","7787","PASS","PASS-CSS","PASS-CSS","PASS-CSS","PASS-CSS","PASS-CSS","PASS-CSS","PASS-CSS"
"/org/challenges/sample/documents","7772","PASS","PASS-CSS","PASS-CSS","PASS-CSS","PASS-CSS","PASS-CSS","PASS-CSS","PASS-CSS"
"/org/challenges/sample/experts","7762","PASS","PASS-CSS","PASS-CSS","PASS-CSS","PASS-CSS","PASS-CSS","PASS-CSS","PASS-CSS"
"/org/challenges/sample/finance","7762","PASS","PASS-CSS","PASS-CSS","PASS-CSS","PASS-CSS","PASS-CSS","PASS-CSS","PASS-CSS"
"/org/challenges/sample/history","7762","PASS","PASS-CSS","PASS-CSS","PASS-CSS","PASS-CSS","PASS-CSS","PASS-CSS","PASS-CSS"
"/org/challenges/sample/impact","7757","PASS","PASS-CSS","PASS-CSS","PASS-CSS","PASS-CSS","PASS-CSS","PASS-CSS","PASS-CSS"
"/org/challenges/sample/operations","8978","PASS","PASS-CSS","PASS-CSS","PASS-CSS","PASS-CSS","PASS-CSS","PASS-CSS","PASS-CSS"
"/org/challenges/sample/pilot","7752","PASS","PASS-CSS","PASS-CSS","PASS-CSS","PASS-CSS","PASS-CSS","PASS-CSS","PASS-CSS"
"/org/challenges/sample/proposals","7772","PASS","PASS-CSS","PASS-CSS","PASS-CSS","PASS-CSS","PASS-CSS","PASS-CSS","PASS-CSS"
"/org/challenges/sample/review","7757","PASS","PASS-CSS","PASS-CSS","PASS-CSS","PASS-CSS","PASS-CSS","PASS-CSS","PASS-CSS"
"/org/challenges/sample/timeline","7767","PASS","PASS-CSS","PASS-CSS","PASS-CSS","PASS-CSS","PASS-CSS","PASS-CSS","PASS-CSS"
"/org/contracts","7682","PASS","PASS-CSS","PASS-CSS","PASS-CSS","PASS-CSS","PASS-CSS","PASS-CSS","PASS-CSS"
"/org/decisions","8705","PASS","PASS-CSS","PASS-CSS","PASS-CSS","PASS-CSS","PASS-CSS","PASS-CSS","PASS-CSS"
"/org/finance","7676","PASS","PASS-CSS","PASS-CSS","PASS-CSS","PASS-CSS","PASS-CSS","PASS-CSS","PASS-CSS"
"/org/impact","8858","PASS","PASS-CSS","PASS-CSS","PASS-CSS","PASS-CSS","PASS-CSS","PASS-CSS","PASS-CSS"
"/org/intake","7665","PASS","PASS-CSS","PASS-CSS","PASS-CSS","PASS-CSS","PASS-CSS","PASS-CSS","PASS-CSS"
"/org/members","7652","PASS","PASS-CSS","PASS-CSS","PASS-CSS","PASS-CSS","PASS-CSS","PASS-CSS","PASS-CSS"
"/org/pilots","7649","PASS","PASS-CSS","PASS-CSS","PASS-CSS","PASS-CSS","PASS-CSS","PASS-CSS","PASS-CSS"
"/org/reports","7654","PASS","PASS-CSS","PASS-CSS","PASS-CSS","PASS-CSS","PASS-CSS","PASS-CSS","PASS-CSS"
"/org/reviewers","8911","PASS","PASS-CSS","PASS-CSS","PASS-CSS","PASS-CSS","PASS-CSS","PASS-CSS","PASS-CSS"
"/org/settings","7659","PASS","PASS-CSS","PASS-CSS","PASS-CSS","PASS-CSS","PASS-CSS","PASS-CSS","PASS-CSS"
"/org/submissions","7670","PASS","PASS-CSS","PASS-CSS","PASS-CSS","PASS-CSS","PASS-CSS","PASS-CSS","PASS-CSS"
"/org/team","7639","PASS","PASS-CSS","PASS-CSS","PASS-CSS","PASS-CSS","PASS-CSS","PASS-CSS","PASS-CSS"
"/org/triage","7671","PASS","PASS-CSS","PASS-CSS","PASS-CSS","PASS-CSS","PASS-CSS","PASS-CSS","PASS-CSS"
"/org/verification","8886","PASS","PASS-CSS","PASS-CSS","PASS-CSS","PASS-CSS","PASS-CSS","PASS-CSS","PASS-CSS"
"/organizations","26755","PASS","PASS-CSS","PASS-CSS","PASS-CSS","PASS-CSS","PASS-CSS","PASS-CSS","PASS-CSS"
"/organizations/abidi","28460","PASS","PASS-CSS","PASS-CSS","PASS-CSS","PASS-CSS","PASS-CSS","PASS-CSS","PASS-CSS"
"/organizations/alibaba","28517","PASS","PASS-CSS","PASS-CSS","PASS-CSS","PASS-CSS","PASS-CSS","PASS-CSS","PASS-CSS"
"/organizations/aparat","28299","PASS","PASS-CSS","PASS-CSS","PASS-CSS","PASS-CSS","PASS-CSS","PASS-CSS","PASS-CSS"
"/organizations/aryogen","28191","PASS","PASS-CSS","PASS-CSS","PASS-CSS","PASS-CSS","PASS-CSS","PASS-CSS","PASS-CSS"
"/organizations/asan-pardakht","28379","PASS","PASS-CSS","PASS-CSS","PASS-CSS","PASS-CSS","PASS-CSS","PASS-CSS","PASS-CSS"
"/organizations/bahman-group","28213","PASS","PASS-CSS","PASS-CSS","PASS-CSS","PASS-CSS","PASS-CSS","PASS-CSS","PASS-CSS"
"/organizations/bank-mellat","28491","PASS","PASS-CSS","PASS-CSS","PASS-CSS","PASS-CSS","PASS-CSS","PASS-CSS","PASS-CSS"
"/organizations/bank-parsian","28595","PASS","PASS-CSS","PASS-CSS","PASS-CSS","PASS-CSS","PASS-CSS","PASS-CSS","PASS-CSS"
"/organizations/bank-tejarat","28547","PASS","PASS-CSS","PASS-CSS","PASS-CSS","PASS-CSS","PASS-CSS","PASS-CSS","PASS-CSS"
"/organizations/beh-pardakht","28295","PASS","PASS-CSS","PASS-CSS","PASS-CSS","PASS-CSS","PASS-CSS","PASS-CSS","PASS-CSS"
"/organizations/behpakhsh","28194","PASS","PASS-CSS","PASS-CSS","PASS-CSS","PASS-CSS","PASS-CSS","PASS-CSS","PASS-CSS"
"/organizations/chadormalu","28300","PASS","PASS-CSS","PASS-CSS","PASS-CSS","PASS-CSS","PASS-CSS","PASS-CSS","PASS-CSS"
"/organizations/cinnagen","28335","PASS","PASS-CSS","PASS-CSS","PASS-CSS","PASS-CSS","PASS-CSS","PASS-CSS","PASS-CSS"
"/organizations/darou-pakhsh","28381","PASS","PASS-CSS","PASS-CSS","PASS-CSS","PASS-CSS","PASS-CSS","PASS-CSS","PASS-CSS"
"/organizations/digikala","28452","PASS","PASS-CSS","PASS-CSS","PASS-CSS","PASS-CSS","PASS-CSS","PASS-CSS","PASS-CSS"
"/organizations/divar","28321","PASS","PASS-CSS","PASS-CSS","PASS-CSS","PASS-CSS","PASS-CSS","PASS-CSS","PASS-CSS"
"/organizations/fanap","28298","PASS","PASS-CSS","PASS-CSS","PASS-CSS","PASS-CSS","PASS-CSS","PASS-CSS","PASS-CSS"
"/organizations/filimo","28299","PASS","PASS-CSS","PASS-CSS","PASS-CSS","PASS-CSS","PASS-CSS","PASS-CSS","PASS-CSS"
"/organizations/foolad-khuzestan","28405","PASS","PASS-CSS","PASS-CSS","PASS-CSS","PASS-CSS","PASS-CSS","PASS-CSS","PASS-CSS"
"/organizations/foolad-mobarakeh","28472","PASS","PASS-CSS","PASS-CSS","PASS-CSS","PASS-CSS","PASS-CSS","PASS-CSS","PASS-CSS"
"/organizations/golgohar","28287","PASS","PASS-CSS","PASS-CSS","PASS-CSS","PASS-CSS","PASS-CSS","PASS-CSS","PASS-CSS"
"/organizations/hamrah-avval","28456","PASS","PASS-CSS","PASS-CSS","PASS-CSS","PASS-CSS","PASS-CSS","PASS-CSS","PASS-CSS"
"/organizations/iran-air","28145","PASS","PASS-CSS","PASS-CSS","PASS-CSS","PASS-CSS","PASS-CSS","PASS-CSS","PASS-CSS"
"/organizations/iran-khodro","28417","PASS","PASS-CSS","PASS-CSS","PASS-CSS","PASS-CSS","PASS-CSS","PASS-CSS","PASS-CSS"
"/organizations/irancell","28436","PASS","PASS-CSS","PASS-CSS","PASS-CSS","PASS-CSS","PASS-CSS","PASS-CSS","PASS-CSS"
"/organizations/irisl","28581","PASS","PASS-CSS","PASS-CSS","PASS-CSS","PASS-CSS","PASS-CSS","PASS-CSS","PASS-CSS"
"/organizations/isfahan-refinery","28502","PASS","PASS-CSS","PASS-CSS","PASS-CSS","PASS-CSS","PASS-CSS","PASS-CSS","PASS-CSS"
"/organizations/kalleh","28240","PASS","PASS-CSS","PASS-CSS","PASS-CSS","PASS-CSS","PASS-CSS","PASS-CSS","PASS-CSS"
"/organizations/kavir-tire","28248","PASS","PASS-CSS","PASS-CSS","PASS-CSS","PASS-CSS","PASS-CSS","PASS-CSS","PASS-CSS"
"/organizations/mapna","28307","PASS","PASS-CSS","PASS-CSS","PASS-CSS","PASS-CSS","PASS-CSS","PASS-CSS","PASS-CSS"
"/organizations/minoo","28354","PASS","PASS-CSS","PASS-CSS","PASS-CSS","PASS-CSS","PASS-CSS","PASS-CSS","PASS-CSS"
"/organizations/mobin-petrochemical","28479","PASS","PASS-CSS","PASS-CSS","PASS-CSS","PASS-CSS","PASS-CSS","PASS-CSS","PASS-CSS"
"/organizations/national-gas","28466","PASS","PASS-CSS","PASS-CSS","PASS-CSS","PASS-CSS","PASS-CSS","PASS-CSS","PASS-CSS"
"/organizations/pak-dairy","28274","PASS","PASS-CSS","PASS-CSS","PASS-CSS","PASS-CSS","PASS-CSS","PASS-CSS","PASS-CSS"
"/organizations/pars-khodro","28389","PASS","PASS-CSS","PASS-CSS","PASS-CSS","PASS-CSS","PASS-CSS","PASS-CSS","PASS-CSS"
"/organizations/pegah","28358","PASS","PASS-CSS","PASS-CSS","PASS-CSS","PASS-CSS","PASS-CSS","PASS-CSS","PASS-CSS"
"/organizations/persian-gulf-petrochemical","28624","PASS","PASS-CSS","PASS-CSS","PASS-CSS","PASS-CSS","PASS-CSS","PASS-CSS","PASS-CSS"
"/organizations/raja","28097","PASS","PASS-CSS","PASS-CSS","PASS-CSS","PASS-CSS","PASS-CSS","PASS-CSS","PASS-CSS"
"/organizations/rightel","28332","PASS","PASS-CSS","PASS-CSS","PASS-CSS","PASS-CSS","PASS-CSS","PASS-CSS","PASS-CSS"
"/organizations/saipa","28075","PASS","PASS-CSS","PASS-CSS","PASS-CSS","PASS-CSS","PASS-CSS","PASS-CSS","PASS-CSS"
"/organizations/shafa-darou","28237","PASS","PASS-CSS","PASS-CSS","PASS-CSS","PASS-CSS","PASS-CSS","PASS-CSS","PASS-CSS"
"/organizations/shatel","28301","PASS","PASS-CSS","PASS-CSS","PASS-CSS","PASS-CSS","PASS-CSS","PASS-CSS","PASS-CSS"
"/organizations/shazand-refinery","28462","PASS","PASS-CSS","PASS-CSS","PASS-CSS","PASS-CSS","PASS-CSS","PASS-CSS","PASS-CSS"
"/organizations/snapp","28214","PASS","PASS-CSS","PASS-CSS","PASS-CSS","PASS-CSS","PASS-CSS","PASS-CSS","PASS-CSS"
"/organizations/snappfood","28473","PASS","PASS-CSS","PASS-CSS","PASS-CSS","PASS-CSS","PASS-CSS","PASS-CSS","PASS-CSS"
"/organizations/tap30","28302","PASS","PASS-CSS","PASS-CSS","PASS-CSS","PASS-CSS","PASS-CSS","PASS-CSS","PASS-CSS"
"/organizations/tavanir","28306","PASS","PASS-CSS","PASS-CSS","PASS-CSS","PASS-CSS","PASS-CSS","PASS-CSS","PASS-CSS"
"/organizations/tehran-municipality","28508","PASS","PASS-CSS","PASS-CSS","PASS-CSS","PASS-CSS","PASS-CSS","PASS-CSS","PASS-CSS"
"/reviewer","7659","PASS","PASS-CSS","PASS-CSS","PASS-CSS","PASS-CSS","PASS-CSS","PASS-CSS","PASS-CSS"
"/reviewer/assignments/RV-204/conflict","7787","PASS","PASS-CSS","PASS-CSS","PASS-CSS","PASS-CSS","PASS-CSS","PASS-CSS","PASS-CSS"
"/reviewer/assignments/RV-204/score","7772","PASS","PASS-CSS","PASS-CSS","PASS-CSS","PASS-CSS","PASS-CSS","PASS-CSS","PASS-CSS"
"/reviewer/assignments/RV-204/submit","7777","PASS","PASS-CSS","PASS-CSS","PASS-CSS","PASS-CSS","PASS-CSS","PASS-CSS","PASS-CSS"
"/solver","7645","PASS","PASS-CSS","PASS-CSS","PASS-CSS","PASS-CSS","PASS-CSS","PASS-CSS","PASS-CSS"
"/solver/contracts","9042","PASS","PASS-CSS","PASS-CSS","PASS-CSS","PASS-CSS","PASS-CSS","PASS-CSS","PASS-CSS"
"/solver/data-room","8856","PASS","PASS-CSS","PASS-CSS","PASS-CSS","PASS-CSS","PASS-CSS","PASS-CSS","PASS-CSS"
"/solver/eligibility","9054","PASS","PASS-CSS","PASS-CSS","PASS-CSS","PASS-CSS","PASS-CSS","PASS-CSS","PASS-CSS"
"/solver/invitations","7689","PASS","PASS-CSS","PASS-CSS","PASS-CSS","PASS-CSS","PASS-CSS","PASS-CSS","PASS-CSS"
"/solver/opportunities","7699","PASS","PASS-CSS","PASS-CSS","PASS-CSS","PASS-CSS","PASS-CSS","PASS-CSS","PASS-CSS"
"/solver/payments","7674","PASS","PASS-CSS","PASS-CSS","PASS-CSS","PASS-CSS","PASS-CSS","PASS-CSS","PASS-CSS"
"/solver/pilots/sample","7705","PASS","PASS-CSS","PASS-CSS","PASS-CSS","PASS-CSS","PASS-CSS","PASS-CSS","PASS-CSS"
"/solver/profile","7669","PASS","PASS-CSS","PASS-CSS","PASS-CSS","PASS-CSS","PASS-CSS","PASS-CSS","PASS-CSS"
"/solver/proposals","7679","PASS","PASS-CSS","PASS-CSS","PASS-CSS","PASS-CSS","PASS-CSS","PASS-CSS","PASS-CSS"
"/solver/proposals/new","7703","PASS","PASS-CSS","PASS-CSS","PASS-CSS","PASS-CSS","PASS-CSS","PASS-CSS","PASS-CSS"
"/solver/received-proposals","7724","PASS","PASS-CSS","PASS-CSS","PASS-CSS","PASS-CSS","PASS-CSS","PASS-CSS","PASS-CSS"
"/solver/reputation","8983","PASS","PASS-CSS","PASS-CSS","PASS-CSS","PASS-CSS","PASS-CSS","PASS-CSS","PASS-CSS"
"/solver/saved","7659","PASS","PASS-CSS","PASS-CSS","PASS-CSS","PASS-CSS","PASS-CSS","PASS-CSS","PASS-CSS"
"/solver/settings","7674","PASS","PASS-CSS","PASS-CSS","PASS-CSS","PASS-CSS","PASS-CSS","PASS-CSS","PASS-CSS"
"/solver/submissions/new","7709","PASS","PASS-CSS","PASS-CSS","PASS-CSS","PASS-CSS","PASS-CSS","PASS-CSS","PASS-CSS"
"/solver/submissions/sample","7740","PASS","PASS-CSS","PASS-CSS","PASS-CSS","PASS-CSS","PASS-CSS","PASS-CSS","PASS-CSS"
"/solver/team-building","7699","PASS","PASS-CSS","PASS-CSS","PASS-CSS","PASS-CSS","PASS-CSS","PASS-CSS","PASS-CSS"
"/solver/teams","7659","PASS","PASS-CSS","PASS-CSS","PASS-CSS","PASS-CSS","PASS-CSS","PASS-CSS","PASS-CSS"
"/solver/verification","7694","PASS","PASS-CSS","PASS-CSS","PASS-CSS","PASS-CSS","PASS-CSS","PASS-CSS","PASS-CSS"
"/trust","7630","PASS","PASS-CSS","PASS-CSS","PASS-CSS","PASS-CSS","PASS-CSS","PASS-CSS","PASS-CSS"
"/trust-security","16094","PASS","PASS-CSS","PASS-CSS","PASS-CSS","PASS-CSS","PASS-CSS","PASS-CSS","PASS-CSS"
"/universities","20982","PASS","PASS-CSS","PASS-CSS","PASS-CSS","PASS-CSS","PASS-CSS","PASS-CSS","PASS-CSS"
